City_ID,City,Lat,Lng,Max Temp,Humidity,Cloudiness,Wind Speed,Country,Date,Current Description
0,Hasaki,35.7333,140.8333,55.29,33,70,15.99,JP,2021-12-13 03:21:21,broken clouds
1,Tasiilaq,65.6145,-37.6368,33.96,94,100,4.65,GL,2021-12-13 03:21:21,overcast clouds
2,Sandpoint,48.2766,-116.5533,34.68,90,90,4.61,US,2021-12-13 03:21:21,overcast clouds
3,Mahebourg,-20.4081,57.7,79.25,78,75,6.91,MU,2021-12-13 03:21:22,broken clouds
4,Busselton,-33.65,115.3333,68.23,39,100,5.41,AU,2021-12-13 03:21:22,overcast clouds
5,Mataura,-46.1927,168.8643,61.48,33,15,6.89,NZ,2021-12-13 03:21:23,few clouds
6,Bluff,-46.6,168.3333,61.81,73,49,14.9,NZ,2021-12-13 03:20:33,scattered clouds
7,Jamestown,42.097,-79.2353,38.79,55,1,8.01,US,2021-12-13 03:21:23,clear sky
8,Samana,19.2056,-69.3369,74.8,89,40,8.99,DO,2021-12-13 03:21:23,scattered clouds
9,Castro,-24.7911,-50.0119,65.41,81,97,6.53,BR,2021-12-13 03:21:24,overcast clouds
10,Pimenta Bueno,-11.6725,-61.1936,74.91,98,100,3.22,BR,2021-12-13 03:21:24,light rain
11,Marshall,34.3834,-86.3333,43.38,68,1,4.61,US,2021-12-13 03:20:55,clear sky
12,New Norfolk,-42.7826,147.0587,82.65,26,0,3.0,AU,2021-12-13 03:21:24,clear sky
13,Geraldton,-28.7667,114.6,79.21,44,0,13.8,AU,2021-12-13 03:19:40,clear sky
14,Ushuaia,-54.8,-68.3,40.66,65,75,23.02,AR,2021-12-13 03:16:39,broken clouds
15,Wurzen,51.3667,12.7333,42.89,98,100,6.38,DE,2021-12-13 03:21:25,overcast clouds
16,Albany,42.6001,-73.9662,40.08,52,0,3.0,US,2021-12-13 03:19:58,clear sky
17,Mwinilunga,-11.7358,24.4293,61.2,98,92,3.98,ZM,2021-12-13 03:21:25,overcast clouds
18,Puerto Ayora,-0.7393,-90.3518,68.56,96,88,1.01,EC,2021-12-13 03:21:26,overcast clouds
19,Tromso,69.6496,18.957,33.82,80,75,1.99,NO,2021-12-13 03:21:26,light snow
20,Butaritari,3.0707,172.7902,82.09,76,19,15.19,KI,2021-12-13 03:21:26,few clouds
21,Luderitz,-26.6481,15.1594,59.99,82,4,11.65,NA,2021-12-13 03:21:27,clear sky
22,Kapaa,22.0752,-159.319,80.58,75,40,4.0,US,2021-12-13 03:21:27,scattered clouds
23,Kodiak,57.79,-152.4072,11.71,57,40,19.57,US,2021-12-13 03:21:28,scattered clouds
24,Longyearbyen,78.2186,15.6401,31.84,80,40,24.16,SJ,2021-12-13 03:19:37,scattered clouds
25,Nishihara,26.1842,127.7558,67.28,73,75,25.32,JP,2021-12-13 03:21:29,broken clouds
26,Gerash,27.6652,54.1371,37.54,31,2,3.2,IR,2021-12-13 03:21:29,clear sky
27,Port Alfred,-33.5906,26.891,72.23,93,100,13.76,ZA,2021-12-13 03:21:30,overcast clouds
28,Rikitea,-23.1203,-134.9692,77.22,78,82,8.03,PF,2021-12-13 03:21:30,light rain
29,Sitka,57.0531,-135.33,35.49,55,75,5.75,US,2021-12-13 03:21:30,broken clouds
30,Tuatapere,-46.1333,167.6833,61.83,54,56,8.03,NZ,2021-12-13 03:21:31,broken clouds
31,Georgetown,5.4112,100.3354,85.93,71,20,4.61,MY,2021-12-13 03:16:33,few clouds
32,Cape Town,-33.9258,18.4232,64.09,84,0,3.0,ZA,2021-12-13 03:21:28,clear sky
33,College,64.8569,-147.8028,-11.79,66,40,0.0,US,2021-12-13 03:21:17,light snow
34,Marzuq,14.4,46.4667,52.2,61,0,3.91,YE,2021-12-13 03:21:31,clear sky
35,Port Elizabeth,-33.918,25.5701,70.09,88,90,4.61,ZA,2021-12-13 03:20:05,light rain
36,Tutoia,-2.7619,-42.2744,84.18,82,100,12.75,BR,2021-12-13 03:21:32,overcast clouds
37,Namibe,-15.1961,12.1522,69.55,82,100,4.18,AO,2021-12-13 03:21:32,overcast clouds
38,Tiksi,71.6872,128.8694,-18.83,100,100,2.06,RU,2021-12-13 03:21:33,overcast clouds
39,Tiarei,-17.5333,-149.3333,84.22,72,19,9.93,PF,2021-12-13 03:17:02,few clouds
40,Carnarvon,-24.8667,113.6333,78.87,57,1,19.57,AU,2021-12-13 03:21:33,clear sky
41,Ust-Omchug,61.15,149.6333,-6.36,98,100,10.09,RU,2021-12-13 03:21:34,light snow
42,Saint-Philippe,-21.3585,55.7679,80.19,77,37,10.09,RE,2021-12-13 03:21:34,scattered clouds
43,Vaini,-21.2,-175.2,84.36,79,40,11.5,TO,2021-12-13 03:21:34,light rain
44,Punta Arenas,-53.15,-70.9167,42.91,65,75,14.97,CL,2021-12-13 03:17:48,broken clouds
45,Ust-Tsilma,65.441,52.1498,17.62,89,100,6.62,RU,2021-12-13 03:21:35,overcast clouds
46,Mount Gambier,-37.8333,140.7667,72.19,47,81,10.0,AU,2021-12-13 03:21:35,light rain
47,Yellowknife,62.456,-114.3525,7.32,85,90,5.75,CA,2021-12-13 03:22:36,light snow
48,Lodwar,3.1191,35.5973,78.8,49,85,7.65,KE,2021-12-13 03:22:36,overcast clouds
49,Caxias,38.7031,-9.2767,56.48,79,0,7.0,PT,2021-12-13 03:22:37,clear sky
50,Hilo,19.7297,-155.09,82.27,33,20,8.05,US,2021-12-13 03:22:37,few clouds
51,Abha,18.2164,42.5053,42.62,56,0,0.0,SA,2021-12-13 03:22:37,clear sky
52,Pudozh,61.8099,36.5345,22.82,97,100,4.03,RU,2021-12-13 03:22:38,light snow
53,Plettenberg Bay,-34.0527,23.3716,65.12,95,100,2.62,ZA,2021-12-13 03:22:38,light rain
54,Nikolskoye,59.7035,30.7861,24.8,99,100,2.73,RU,2021-12-13 03:22:38,snow
55,Leningradskiy,69.3833,178.4167,-30.77,89,5,4.03,RU,2021-12-13 03:22:39,clear sky
56,Candolim,15.5181,73.7626,79.83,65,96,8.93,IN,2021-12-13 03:22:39,overcast clouds
57,Borovoy,55.4333,86.0833,-1.12,78,40,6.71,RU,2021-12-13 03:22:40,light shower snow
58,Lata,40.1629,-8.3327,56.91,86,8,4.41,PT,2021-12-13 03:22:40,clear sky
59,Kendari,-3.945,122.4989,89.47,58,100,2.33,ID,2021-12-13 03:22:40,overcast clouds
60,Gayny,60.3071,54.3241,-0.2,96,72,4.23,RU,2021-12-13 03:22:41,broken clouds
61,Bayan,46.0833,127.4,12.11,76,84,11.56,CN,2021-12-13 03:22:41,broken clouds
62,Baoqing,46.3317,132.2111,12.9,63,8,14.61,CN,2021-12-13 03:22:42,clear sky
63,Villa Bruzual,9.3328,-69.1208,76.53,60,8,8.77,VE,2021-12-13 03:22:42,clear sky
64,Bandarbeyla,9.4942,50.8122,75.25,77,1,19.08,SO,2021-12-13 03:22:42,clear sky
65,Gillette,44.2911,-105.5022,38.32,55,1,21.99,US,2021-12-13 03:22:43,clear sky
66,Khatanga,71.9667,102.5,-45.04,98,83,5.88,RU,2021-12-13 03:22:43,broken clouds
67,Ravar,31.2656,56.8055,41.72,44,0,2.77,IR,2021-12-13 03:22:43,clear sky
68,Bikaner,28.0167,73.3,59.2,31,80,5.1,IN,2021-12-13 03:22:44,broken clouds
69,Teknaf,20.8624,92.3058,72.73,51,8,8.28,BD,2021-12-13 03:22:44,clear sky
70,Fortuna,40.5982,-124.1573,49.66,90,90,5.01,US,2021-12-13 03:22:45,overcast clouds
71,Hami,42.8,93.45,23.43,41,54,2.46,CN,2021-12-13 03:22:45,broken clouds
72,Elko,41.0002,-115.5012,41.02,77,100,3.56,US,2021-12-13 03:22:45,overcast clouds
73,Tura,25.5198,90.2201,67.19,57,0,0.92,IN,2021-12-13 03:22:46,clear sky
74,Hobart,-42.8794,147.3294,77.05,44,20,1.99,AU,2021-12-13 03:19:42,few clouds
75,Mwanza,-2.5167,32.9,69.4,80,100,6.8,TZ,2021-12-13 03:22:46,light rain
76,Fort-De-France,14.6089,-61.0733,78.75,83,75,9.22,MQ,2021-12-13 03:22:46,broken clouds
77,Port Lincoln,-34.7333,135.8667,65.21,54,100,14.47,AU,2021-12-13 03:22:47,overcast clouds
78,Avera,33.194,-82.5271,48.07,38,0,6.53,US,2021-12-13 03:22:47,clear sky
79,Graaff-Reinet,-32.2522,24.5308,63.91,91,50,2.1,ZA,2021-12-13 03:22:47,scattered clouds
80,Asau,46.4333,26.4,37.4,82,100,2.59,RO,2021-12-13 03:22:48,overcast clouds
81,Atuona,-9.8,-139.0333,79.05,79,54,17.49,PF,2021-12-13 03:22:48,broken clouds
82,Harper,4.375,-7.7169,78.91,85,5,6.78,LR,2021-12-13 03:22:48,clear sky
83,Sumbe,-11.2061,13.8437,76.68,90,100,4.61,AO,2021-12-13 03:22:49,light rain
84,Roma,43.2128,-75.4557,42.66,57,0,11.32,US,2021-12-13 03:22:49,clear sky
85,Kevsala,45.7983,42.6903,35.6,80,100,20.6,RU,2021-12-13 03:22:49,overcast clouds
86,Ribeira Grande,38.5167,-28.7,58.53,54,100,12.77,PT,2021-12-13 03:22:50,overcast clouds
87,Grand Gaube,-20.0064,57.6608,79.38,70,7,5.01,MU,2021-12-13 03:22:50,clear sky
88,Kailua,21.4022,-157.7394,78.78,75,75,11.5,US,2021-12-13 03:23:51,light rain
89,San Vicente De Canete,-13.0751,-76.3835,66.94,92,18,4.76,PE,2021-12-13 03:23:51,few clouds
90,Curup,-3.4667,102.5333,81.37,64,64,2.84,ID,2021-12-13 03:23:51,broken clouds
91,Saint-Augustin,51.226,-58.6502,26.82,69,93,25.9,CA,2021-12-13 03:19:58,overcast clouds
92,Queimadas,-10.9783,-39.6264,70.95,78,100,6.04,BR,2021-12-13 03:23:52,overcast clouds
93,Sussex,41.1834,-74.6663,40.48,52,0,7.49,US,2021-12-13 03:23:52,clear sky
94,Keta,5.9179,0.9879,82.62,83,85,8.34,GH,2021-12-13 03:23:52,overcast clouds
95,Hithadhoo,-0.6,73.0833,81.63,76,99,11.5,MV,2021-12-13 03:23:53,overcast clouds
96,Ilkal,15.9667,76.1333,70.61,76,100,14.0,IN,2021-12-13 03:23:53,overcast clouds
97,Ahipara,-35.1667,173.1667,68.76,95,100,6.64,NZ,2021-12-13 03:23:08,light rain
98,Balabac,7.9868,117.0645,83.39,78,48,14.07,PH,2021-12-13 03:23:54,light rain
99,Constitucion,-35.3333,-72.4167,50.9,81,0,11.7,CL,2021-12-13 03:22:20,clear sky
100,Camana,-16.6228,-72.7111,67.8,90,97,7.92,PE,2021-12-13 03:23:54,overcast clouds
101,Tigil,57.8,158.6667,19.63,86,100,13.06,RU,2021-12-13 03:23:55,overcast clouds
102,Vidim,56.4088,103.1106,4.26,93,100,4.47,RU,2021-12-13 03:23:55,overcast clouds
103,Severo-Kurilsk,50.6789,156.125,33.91,80,28,2.04,RU,2021-12-13 03:23:55,scattered clouds
104,Cherskiy,68.75,161.3,-38.4,99,96,0.45,RU,2021-12-13 03:23:56,overcast clouds
105,Shache,38.4167,77.2406,23.52,59,59,1.34,CN,2021-12-13 03:23:56,broken clouds
106,Mar Del Plata,-38.0023,-57.5575,63.88,78,91,5.01,AR,2021-12-13 03:19:11,overcast clouds
107,Avarua,-21.2078,-159.775,73.45,94,75,11.5,CK,2021-12-13 03:23:56,heavy intensity drizzle
108,Omsukchan,62.5333,155.8,-6.14,97,100,9.33,RU,2021-12-13 03:23:57,overcast clouds
109,Salcedo,12.8105,121.4674,79.18,89,83,11.5,PH,2021-12-13 03:23:57,broken clouds
110,Karagay,58.2667,54.9368,0.93,94,96,4.83,RU,2021-12-13 03:23:57,overcast clouds
111,Eureka,40.8021,-124.1637,49.93,91,100,7.0,US,2021-12-13 03:23:58,overcast clouds
112,Saldanha,-33.0117,17.9442,60.85,92,2,11.81,ZA,2021-12-13 03:23:58,clear sky
113,Chimore,-16.9833,-65.1333,75.11,97,100,0.76,BO,2021-12-13 03:23:58,overcast clouds
114,Vestmannaeyjar,63.4427,-20.2734,43.75,73,100,15.68,IS,2021-12-13 03:23:59,overcast clouds
115,Santa Maria,-29.6842,-53.8069,70.9,88,0,3.44,BR,2021-12-13 03:23:40,clear sky
116,Ancud,-41.8697,-73.8203,49.53,81,100,4.76,CL,2021-12-13 03:24:00,overcast clouds
117,Nkhata Bay,-11.6066,34.2907,75.69,71,32,5.75,MW,2021-12-13 03:21:18,scattered clouds
118,Saskatoon,52.1168,-106.6345,22.98,86,90,4.61,CA,2021-12-13 03:22:10,overcast clouds
119,Kavaratti,10.5669,72.642,81.97,71,69,5.61,IN,2021-12-13 03:24:00,broken clouds
120,Pevek,69.7008,170.3133,-32.98,96,11,1.72,RU,2021-12-13 03:24:01,few clouds
121,Mahina,-17.5065,-149.489,83.97,70,20,8.05,PF,2021-12-13 03:24:01,few clouds
122,San Remigio,11.0809,123.9381,82.45,78,100,12.08,PH,2021-12-13 03:24:01,overcast clouds
123,Puerto Escondido,15.85,-97.0667,79.63,69,1,0.0,MX,2021-12-13 03:24:02,clear sky
124,Tahe,52.3333,124.7333,6.53,84,100,1.34,CN,2021-12-13 03:24:02,overcast clouds
125,Bethanien,-26.502,17.1583,64.56,33,42,1.7,NA,2021-12-13 03:24:03,scattered clouds
126,Beringovskiy,63.05,179.3167,-9.29,99,100,12.5,RU,2021-12-13 03:24:03,light snow
127,Porto Walter,-8.2686,-72.7439,73.67,96,89,2.26,BR,2021-12-13 03:24:03,overcast clouds
128,Qaanaaq,77.484,-69.3632,-3.82,73,2,4.59,GL,2021-12-13 03:24:04,clear sky
129,Ilulissat,69.2167,-51.1,17.62,67,34,3.44,GL,2021-12-13 03:24:04,scattered clouds
130,Barrow,71.2906,-156.7887,-14.78,76,1,10.36,US,2021-12-13 03:24:05,clear sky
131,Havoysund,70.9963,24.6622,32.88,88,100,6.11,NO,2021-12-13 03:24:05,overcast clouds
132,Sola,-13.8833,167.55,82.09,80,99,18.01,VU,2021-12-13 03:21:10,moderate rain
133,Alofi,-19.0595,-169.9187,80.49,74,75,4.61,NU,2021-12-13 03:24:06,broken clouds
134,Guerrero Negro,27.9769,-114.0611,60.82,68,92,9.15,MX,2021-12-13 03:24:06,overcast clouds
135,Sao Filipe,14.8961,-24.4956,74.95,72,86,8.25,CV,2021-12-13 03:24:07,overcast clouds
136,Gweru,-19.45,29.8167,66.15,54,84,5.53,ZW,2021-12-13 03:25:07,broken clouds
137,Anori,-3.7728,-61.6442,73.8,99,100,2.57,BR,2021-12-13 03:25:08,light rain
138,Amapa,1.0,-52.0,71.73,99,61,2.04,BR,2021-12-13 03:25:08,broken clouds
139,Dikson,73.5069,80.5464,-17.81,97,79,17.6,RU,2021-12-13 03:25:09,broken clouds
140,Mbini,1.574,9.6134,78.71,87,95,4.03,GQ,2021-12-13 03:23:40,overcast clouds
141,Cidreira,-30.1811,-50.2056,71.2,92,1,12.3,BR,2021-12-13 03:25:10,clear sky
142,Bredasdorp,-34.5322,20.0403,61.92,88,99,3.44,ZA,2021-12-13 03:25:10,overcast clouds
143,Yulara,-25.2406,130.9889,87.64,29,25,11.5,AU,2021-12-13 03:25:10,scattered clouds
144,Carballo,43.213,-8.691,51.91,87,35,4.43,ES,2021-12-13 03:25:10,scattered clouds
145,Tuktoyaktuk,69.4541,-133.0374,-7.6,77,75,18.41,CA,2021-12-13 03:25:11,light snow
146,Carutapera,-1.195,-46.02,79.43,84,48,7.11,BR,2021-12-13 03:25:11,scattered clouds
147,Mitsamiouli,-11.3847,43.2844,79.09,73,20,3.44,KM,2021-12-13 03:25:12,few clouds
148,Portland,45.5234,-122.6762,43.21,93,90,1.99,US,2021-12-13 03:25:05,moderate rain
149,Khash,28.2211,61.2158,41.92,34,0,2.66,IR,2021-12-13 03:25:12,clear sky
150,Havre-Saint-Pierre,50.2334,-63.5986,30.79,54,75,31.07,CA,2021-12-13 03:23:42,broken clouds
151,Tezu,27.9167,96.1667,70.14,36,0,1.99,IN,2021-12-13 03:25:13,clear sky
152,Quirinopolis,-18.4483,-50.4517,73.58,85,99,4.76,BR,2021-12-13 03:25:13,overcast clouds
153,Chuy,-33.6971,-53.4616,65.32,82,22,7.94,UY,2021-12-13 03:25:13,light rain
154,Tilichiki,60.4667,166.1,3.56,96,100,25.21,RU,2021-12-13 03:25:13,snow
155,Tecoanapa,16.5167,-98.75,78.35,74,0,3.49,MX,2021-12-13 03:25:14,clear sky
156,Te Anau,-45.4167,167.7167,69.19,52,88,1.63,NZ,2021-12-13 03:25:14,moderate rain
157,Vila,42.0304,-8.1588,45.32,80,7,4.47,PT,2021-12-13 03:25:15,clear sky
158,Shingu,33.7333,135.9833,54.59,46,6,8.32,JP,2021-12-13 03:25:15,clear sky
159,Lorengau,-2.0226,147.2712,85.51,74,100,13.67,PG,2021-12-13 03:25:15,light rain
160,Serov,59.6033,60.5787,14.72,87,96,5.73,RU,2021-12-13 03:25:16,overcast clouds
161,Hermanus,-34.4187,19.2345,62.91,88,82,4.94,ZA,2021-12-13 03:25:16,broken clouds
162,Vila Franca Do Campo,37.7167,-25.4333,56.19,57,100,12.95,PT,2021-12-13 03:25:16,overcast clouds
163,Araouane,18.9048,-3.5265,69.28,10,100,9.69,ML,2021-12-13 03:23:37,overcast clouds
164,Flinders,-34.5833,150.8552,80.8,63,6,8.61,AU,2021-12-13 03:25:17,clear sky
165,Souillac,-20.5167,57.5167,80.37,78,75,6.91,MU,2021-12-13 03:25:17,broken clouds
166,Leh,34.1667,77.5833,9.25,75,82,2.62,IN,2021-12-13 03:25:17,broken clouds
167,Mustvee,58.8486,26.9397,34.12,97,100,9.78,EE,2021-12-13 03:25:18,light snow
168,Xingyi,24.1877,102.817,45.72,94,98,3.44,CN,2021-12-13 03:25:18,overcast clouds
169,Port Blair,11.6667,92.75,84.24,65,20,10.36,IN,2021-12-13 03:25:18,few clouds
170,Leon,21.1167,-101.6667,55.45,45,23,5.75,MX,2021-12-13 03:21:16,few clouds
171,Fukue,32.6881,128.8419,48.56,57,75,10.36,JP,2021-12-13 03:25:19,broken clouds
172,Ponta Do Sol,32.6667,-17.1,63.72,79,34,2.15,PT,2021-12-13 03:25:19,scattered clouds
173,Pemba,-12.974,40.5178,79.5,83,75,5.75,MZ,2021-12-13 03:25:20,broken clouds
174,Puga,21.5833,-104.8167,68.77,92,42,1.66,MX,2021-12-13 03:25:20,scattered clouds
175,Muros,42.7762,-9.0603,56.23,81,47,8.19,ES,2021-12-13 03:25:20,scattered clouds
176,Bongandanga,1.5,21.05,71.89,94,93,2.01,CD,2021-12-13 03:25:21,overcast clouds
177,Airai,-8.9266,125.4092,73.99,63,89,0.87,TL,2021-12-13 03:25:21,overcast clouds
178,Victoria,22.2855,114.1577,69.19,68,1,3.0,HK,2021-12-13 03:25:21,clear sky
179,Byron Bay,-28.65,153.6167,80.71,65,76,12.53,AU,2021-12-13 03:23:48,broken clouds
180,Arraial Do Cabo,-22.9661,-42.0278,75.2,95,100,10.89,BR,2021-12-13 03:25:22,overcast clouds
181,Matviyivka,47.0747,35.1444,38.19,77,100,11.92,UA,2021-12-13 03:25:22,overcast clouds
182,Brae,60.3964,-1.353,49.91,86,100,36.82,GB,2021-12-13 03:25:22,overcast clouds
183,Boden,65.8252,21.6886,30.2,98,97,3.15,SE,2021-12-13 03:26:23,overcast clouds
184,Kaitangata,-46.2817,169.8464,62.92,68,50,6.78,NZ,2021-12-13 03:26:23,scattered clouds
185,Zeya,53.75,127.2667,0.84,63,100,2.33,RU,2021-12-13 03:26:23,overcast clouds
186,Thompson,55.7435,-97.8558,3.36,85,75,0.0,CA,2021-12-13 03:26:24,light snow
187,High Prairie,55.4334,-116.4858,9.7,91,100,6.17,CA,2021-12-13 03:26:24,overcast clouds
188,Ongandjera,-17.8833,15.0667,72.97,66,76,10.74,NA,2021-12-13 03:26:24,light rain
189,San Isidro,-12.1167,-77.05,65.25,89,90,4.0,PE,2021-12-13 03:26:25,overcast clouds
190,Antofagasta,-23.65,-70.4,61.88,80,14,2.62,CL,2021-12-13 03:21:51,few clouds
191,Karratha,-20.7377,116.8463,99.32,20,3,6.55,AU,2021-12-13 03:26:25,clear sky
192,Savannah Bight,16.45,-85.85,79.0,73,1,16.53,HN,2021-12-13 03:26:25,clear sky
193,Puerto Del Rosario,28.5004,-13.8627,62.35,94,0,6.91,ES,2021-12-13 03:26:26,clear sky
194,Fredericton,45.9454,-66.6656,33.04,65,1,1.01,CA,2021-12-13 03:26:26,clear sky
195,Hirara,24.8,125.2833,70.07,68,75,17.27,JP,2021-12-13 03:26:26,broken clouds
196,Puerto Lempira,15.2667,-83.7667,75.2,87,0,7.4,HN,2021-12-13 03:26:27,clear sky
197,Aljezur,37.3191,-8.8033,56.97,79,0,11.16,PT,2021-12-13 03:26:27,clear sky
198,Panalingaan,8.7842,117.4231,86.83,65,58,1.7,PH,2021-12-13 03:26:27,broken clouds
199,Vagur,61.4732,-6.8119,39.87,97,100,36.35,FO,2021-12-13 03:26:28,overcast clouds
200,Komsomolskiy,40.4272,71.7189,33.22,69,100,2.3,UZ,2021-12-13 03:26:28,haze
201,Bonavista,48.6499,-53.1147,38.12,69,100,28.34,CA,2021-12-13 03:26:28,overcast clouds
202,Terrace Bay,48.7834,-87.1,37.02,86,93,11.48,CA,2021-12-13 03:26:29,overcast clouds
203,Mangrol,21.1167,70.1167,71.92,57,0,9.08,IN,2021-12-13 03:26:29,clear sky
204,Wanning,18.8003,110.3967,72.93,72,79,16.75,CN,2021-12-13 03:26:29,broken clouds
205,Tatawin,32.9297,10.4518,45.48,71,74,7.4,TN,2021-12-13 03:26:30,broken clouds
206,Cuencame,24.8711,-103.6964,62.29,41,49,1.36,MX,2021-12-13 03:26:30,scattered clouds
207,Kribi,2.95,9.9167,79.61,85,68,4.72,CM,2021-12-13 03:26:30,broken clouds
208,Aklavik,68.2191,-135.0107,-4.97,89,100,20.94,CA,2021-12-13 03:26:31,overcast clouds
209,Poso,-1.3959,120.7524,87.12,66,97,5.14,ID,2021-12-13 03:26:31,overcast clouds
210,Minsk,53.9,27.5667,31.75,92,100,7.02,BY,2021-12-13 03:26:31,overcast clouds
211,Oistins,13.0667,-59.5333,78.89,89,40,18.41,BB,2021-12-13 03:26:32,scattered clouds
212,Virarajendrapet,12.2,75.8,66.56,82,100,6.55,IN,2021-12-13 03:26:32,overcast clouds
213,Chipinge,-20.1883,32.6236,63.73,81,57,3.94,ZW,2021-12-13 03:26:32,broken clouds
214,Fort Nelson,58.8053,-122.7002,0.99,78,90,4.61,CA,2021-12-13 03:26:33,light snow
215,Do Gonbadan,30.3586,50.7981,39.29,87,0,0.0,IR,2021-12-13 03:24:57,clear sky
216,Kirakira,-10.4544,161.9205,84.9,80,99,11.92,SB,2021-12-13 03:26:33,moderate rain
217,East London,-33.0153,27.9116,70.74,78,0,10.36,ZA,2021-12-13 03:22:01,clear sky
218,Salalah,17.0151,54.0924,71.69,46,0,6.91,OM,2021-12-13 03:26:34,clear sky
219,Omboue,-1.5746,9.2618,76.03,93,100,2.98,GA,2021-12-13 03:26:34,light rain
220,Meulaboh,4.1363,96.1285,80.55,80,74,3.94,ID,2021-12-13 03:26:35,broken clouds
221,Beyla,8.6833,-8.6333,66.63,40,3,1.61,GN,2021-12-13 03:26:35,clear sky
222,Benghazi,32.1167,20.0667,60.89,63,18,11.21,LY,2021-12-13 03:26:35,few clouds
223,Cao Bang,22.6667,106.25,67.32,52,2,1.9,VN,2021-12-13 03:26:36,clear sky
224,Pisco,-13.7,-76.2167,66.25,88,0,12.66,PE,2021-12-13 03:26:36,clear sky
225,Kathmandu,27.7167,85.3167,48.42,81,20,0.0,NP,2021-12-13 03:21:45,mist
226,Terrak,65.087,12.3715,40.87,93,96,6.93,NO,2021-12-13 03:26:36,overcast clouds
227,Hualmay,-11.0964,-77.6139,66.99,87,11,7.4,PE,2021-12-13 03:26:37,few clouds
228,Vao,-22.6667,167.4833,76.96,90,100,17.11,NC,2021-12-13 03:26:37,moderate rain
229,Daru,-9.0763,143.2092,83.57,78,95,8.95,PG,2021-12-13 03:26:37,overcast clouds
230,Mahenge,-8.6833,36.7167,62.64,97,100,1.61,TZ,2021-12-13 03:26:38,overcast clouds
231,Qaqortoq,60.7167,-46.0333,16.3,80,99,5.73,GL,2021-12-13 03:27:38,overcast clouds
232,Chifeng,42.2683,118.9636,26.87,23,0,11.16,CN,2021-12-13 03:27:39,clear sky
233,Virginia Beach,36.8529,-75.978,40.01,69,1,0.0,US,2021-12-13 03:25:08,clear sky
234,Oranjemund,-28.55,16.4333,60.28,95,7,4.47,NA,2021-12-13 03:27:39,clear sky
235,Mosnita Noua,45.7172,21.3253,36.18,99,90,3.0,RO,2021-12-13 03:27:39,mist
236,Pacific Grove,36.6177,-121.9166,54.43,84,90,1.01,US,2021-12-13 03:24:57,light rain
237,Aksu,41.1231,80.2644,21.74,66,23,1.28,CN,2021-12-13 03:27:40,few clouds
238,Baykit,61.67,96.37,-27.17,99,30,1.81,RU,2021-12-13 03:27:40,scattered clouds
239,Calolziocorte,45.7954,9.4377,41.29,70,69,3.65,IT,2021-12-13 03:27:41,broken clouds
240,Roald,62.5833,6.1333,45.09,70,75,12.66,NO,2021-12-13 03:27:41,broken clouds
241,Nouakchott,18.0858,-15.9785,72.9,29,100,13.65,MR,2021-12-13 03:27:41,overcast clouds
242,La Ronge,55.1001,-105.2842,1.65,85,90,1.14,CA,2021-12-13 03:27:42,overcast clouds
243,Pangnirtung,66.1451,-65.7125,-3.84,70,85,6.42,CA,2021-12-13 03:27:42,overcast clouds
244,Along,28.1667,94.7667,63.19,47,23,0.49,IN,2021-12-13 03:27:42,few clouds
245,Cobourg,50.2667,10.9667,40.98,97,100,1.43,DE,2021-12-13 03:27:43,overcast clouds
246,Yeppoon,-23.1333,150.7333,87.58,58,13,16.42,AU,2021-12-13 03:27:43,few clouds
247,Svetlaya,46.5389,138.3297,21.9,53,100,16.53,RU,2021-12-13 03:27:43,overcast clouds
248,Samarai,-10.6167,150.6667,84.83,74,100,13.98,PG,2021-12-13 03:27:44,overcast clouds
249,Husavik,66.0449,-17.3389,37.31,80,100,15.73,IS,2021-12-13 03:27:44,overcast clouds
250,Norman Wells,65.282,-126.8329,-2.16,71,75,13.8,CA,2021-12-13 03:27:44,light snow
251,Hvolsvollur,63.7533,-20.2243,35.82,91,100,9.44,IS,2021-12-13 03:27:45,overcast clouds
252,Dong Hoi,17.4833,106.6,70.9,81,100,17.27,VN,2021-12-13 03:27:45,overcast clouds
253,Malakal,9.5334,31.6605,74.79,31,88,4.34,SS,2021-12-13 03:27:45,overcast clouds
254,Matara,5.9485,80.5353,76.01,90,100,8.75,LK,2021-12-13 03:27:45,overcast clouds
255,Mae Hong Son,19.3003,97.9685,69.94,83,20,2.3,TH,2021-12-13 03:27:46,few clouds
256,Chokurdakh,70.6333,147.9167,-35.82,96,99,0.98,RU,2021-12-13 03:27:46,overcast clouds
257,Andenes,69.3143,16.1194,33.78,93,90,9.22,NO,2021-12-13 03:27:46,light intensity drizzle
258,Kassala,15.451,36.4,71.37,51,0,8.52,SD,2021-12-13 03:27:47,clear sky
259,Kavieng,-2.5744,150.7967,83.77,74,95,8.77,PG,2021-12-13 03:27:47,moderate rain
260,Baoma,31.4859,106.1128,50.43,67,36,3.83,CN,2021-12-13 03:27:47,scattered clouds
261,Auki,-8.7676,160.7034,83.57,84,86,12.48,SB,2021-12-13 03:27:48,overcast clouds
262,Naze,28.3667,129.4833,59.92,69,94,16.73,JP,2021-12-13 03:27:48,overcast clouds
263,Tonantins,-2.8731,-67.8022,74.19,98,100,2.73,BR,2021-12-13 03:27:48,overcast clouds
264,Mizdah,31.4451,12.9801,47.88,73,98,7.18,LY,2021-12-13 03:27:49,overcast clouds
265,Honiara,-9.4333,159.95,86.45,73,48,6.55,SB,2021-12-13 03:27:49,scattered clouds
266,Arkhangelsk,64.5401,40.5433,10.51,85,75,4.47,RU,2021-12-13 03:27:50,light snow
267,Anadyr,64.75,177.4833,-22.2,93,100,7.45,RU,2021-12-13 03:27:50,overcast clouds
268,Comonfort,20.7167,-100.7667,60.28,57,12,5.79,MX,2021-12-13 03:27:50,few clouds
269,Nanortalik,60.1432,-45.2371,25.03,76,100,11.9,GL,2021-12-13 03:27:51,overcast clouds
270,Hovd,48.0056,91.6419,10.15,60,66,3.71,MN,2021-12-13 03:27:51,broken clouds
271,Denpasar,-8.65,115.2167,87.46,70,20,11.5,ID,2021-12-13 03:24:22,few clouds
272,Lebu,-37.6167,-73.65,50.88,84,89,7.47,CL,2021-12-13 03:27:51,overcast clouds
273,Hearst,49.6835,-83.6665,28.65,89,45,8.03,CA,2021-12-13 03:27:52,scattered clouds
274,Torbay,47.6666,-52.7314,38.57,79,90,31.07,CA,2021-12-13 03:27:52,overcast clouds
275,Talnakh,69.4865,88.3972,-27.8,80,25,1.83,RU,2021-12-13 03:27:52,scattered clouds
276,Ust-Tarka,55.5672,75.705,11.59,95,100,8.88,RU,2021-12-13 03:27:53,light snow
277,Bengkulu,-3.8004,102.2655,83.66,66,56,3.38,ID,2021-12-13 03:28:53,broken clouds
278,Laguna,38.421,-121.4238,53.02,93,90,4.0,US,2021-12-13 03:28:53,light rain
279,Ardakan,32.31,54.0175,39.58,48,0,1.34,IR,2021-12-13 03:28:54,clear sky
280,Vredendal,-31.6683,18.5012,61.11,95,19,8.41,ZA,2021-12-13 03:28:54,few clouds
281,Tupanatinga,-8.7533,-37.3397,69.51,79,80,9.17,BR,2021-12-13 03:28:54,light rain
282,Tazovskiy,67.4667,78.7,-28.53,95,16,5.39,RU,2021-12-13 03:28:55,few clouds
283,Macau,22.2006,113.5461,67.71,68,20,19.57,MO,2021-12-13 03:28:55,few clouds
284,Mecca,21.4267,39.8261,70.23,40,69,4.63,SA,2021-12-13 03:28:56,broken clouds
285,Olafsvik,64.8945,-23.7142,41.09,92,100,18.48,IS,2021-12-13 03:28:56,light rain
286,Dvinskoy,62.1535,45.1175,16.74,95,100,5.46,RU,2021-12-13 03:28:56,light snow
287,Uvat,59.1433,68.8953,12.52,96,96,5.79,RU,2021-12-13 03:28:57,overcast clouds
288,Mirnyy,62.5353,113.9611,-20.72,96,100,6.26,RU,2021-12-13 03:28:57,overcast clouds
289,Tahta,26.7693,31.5021,65.57,39,100,6.71,EG,2021-12-13 03:28:57,overcast clouds
290,Davila,18.4726,120.5763,87.78,68,43,25.5,PH,2021-12-13 03:28:57,scattered clouds
291,Camacha,33.0833,-16.3333,59.76,94,40,4.61,PT,2021-12-13 03:28:58,scattered clouds
292,Charters Towers,-20.1,146.2667,93.36,30,5,7.94,AU,2021-12-13 03:28:58,clear sky
293,George Town,5.4112,100.3354,85.93,70,20,1.01,MY,2021-12-13 03:27:27,few clouds
294,Proletarsk,46.7031,41.7192,31.95,81,100,20.36,RU,2021-12-13 03:28:59,overcast clouds
295,Manitouwadge,49.1215,-85.8403,36.32,89,39,8.48,CA,2021-12-13 03:28:59,scattered clouds
296,Aykhal,66.0,111.5,-49.59,99,86,5.93,RU,2021-12-13 03:28:59,overcast clouds
297,Le Port,-20.9373,55.2919,80.6,75,10,2.98,RE,2021-12-13 03:29:00,clear sky
298,Tucupita,9.0622,-62.051,72.43,99,100,2.33,VE,2021-12-13 03:29:00,overcast clouds
299,Zhigansk,66.7697,123.3711,-34.26,99,91,11.21,RU,2021-12-13 03:29:00,overcast clouds
300,Rorvik,64.8621,11.2373,40.42,88,87,15.39,NO,2021-12-13 03:29:01,overcast clouds
301,Alice Springs,-23.7,133.8833,94.55,17,42,5.75,AU,2021-12-13 03:29:01,scattered clouds
302,Iqaluit,63.7506,-68.5145,4.73,65,40,5.01,CA,2021-12-13 03:29:02,scattered clouds
303,Dutse,11.7594,9.3392,66.56,20,100,6.82,NG,2021-12-13 03:29:02,overcast clouds
304,Goderich,43.7501,-81.7165,43.12,61,66,24.16,CA,2021-12-13 03:29:02,broken clouds
305,Inhambane,-23.865,35.3833,80.58,94,75,5.75,MZ,2021-12-13 03:29:03,broken clouds
306,Kandrian,-6.2167,149.55,83.98,76,92,3.2,PG,2021-12-13 03:29:03,light rain
307,Kristiinankaupunki,62.2743,21.376,33.8,86,100,9.86,FI,2021-12-13 03:29:03,light snow
308,Itarema,-2.9248,-39.9167,80.49,79,94,14.76,BR,2021-12-13 03:29:04,overcast clouds
309,Ponta Delgada,37.7333,-25.6667,56.5,62,20,8.05,PT,2021-12-13 03:29:04,few clouds
310,Chernyshevskiy,63.0128,112.4714,-23.28,96,100,5.82,RU,2021-12-13 03:24:37,overcast clouds
311,Cumberland,35.0502,-78.8664,39.47,76,1,4.61,US,2021-12-13 03:29:04,clear sky
312,Gat,31.61,34.7642,67.91,39,100,3.89,IL,2021-12-13 03:29:05,overcast clouds
313,Moses Lake,47.1301,-119.2781,37.18,75,20,11.5,US,2021-12-13 03:28:27,few clouds
314,Aasiaat,68.7098,-52.8699,5.92,99,100,6.82,GL,2021-12-13 03:29:05,overcast clouds
315,Talara,-4.5772,-81.2719,67.32,85,49,8.72,PE,2021-12-13 03:29:06,scattered clouds
316,Pamplonita,7.437,-72.638,61.65,94,87,0.94,CO,2021-12-13 03:29:06,overcast clouds
317,Dickinson,29.4608,-95.0513,55.98,81,1,0.0,US,2021-12-13 03:29:06,clear sky
318,Praia Da Vitoria,38.7333,-27.0667,55.65,76,20,17.36,PT,2021-12-13 03:29:07,few clouds
319,Egvekinot,66.3167,-179.1667,-20.81,75,6,8.14,RU,2021-12-13 03:29:07,clear sky
320,Prince Rupert,54.3161,-130.3201,37.09,73,1,9.22,CA,2021-12-13 03:24:39,light snow
321,Hofn,64.2539,-15.2082,36.84,89,94,5.75,IS,2021-12-13 03:29:07,overcast clouds
322,Adrar,20.5022,-10.0711,63.77,17,26,9.69,MR,2021-12-13 03:29:08,scattered clouds
323,Katherine,-14.4667,132.2667,98.92,36,4,12.66,AU,2021-12-13 03:29:08,clear sky
324,Dudinka,69.4058,86.1778,-27.38,95,27,5.14,RU,2021-12-13 03:30:09,scattered clouds
325,Niono,14.2526,-5.993,72.88,14,34,9.33,ML,2021-12-13 03:30:09,scattered clouds
326,Rumonge,-3.9736,29.4386,72.16,79,100,1.83,BI,2021-12-13 03:30:10,light rain
327,Salvador,13.8333,-88.9167,70.2,91,38,3.96,SV,2021-12-13 03:30:10,scattered clouds
328,Sarahan,31.5167,77.8,42.91,29,22,7.11,IN,2021-12-13 03:30:10,few clouds
329,Upernavik,72.7868,-56.1549,6.94,93,100,11.45,GL,2021-12-13 03:30:11,overcast clouds
330,Nemuro,43.3236,145.575,36.03,57,37,31.94,JP,2021-12-13 03:30:11,scattered clouds
331,Kununurra,-15.7667,128.7333,102.18,30,94,5.75,AU,2021-12-13 03:30:12,overcast clouds
332,Hay River,60.8156,-115.7999,-4.02,84,20,8.05,CA,2021-12-13 03:28:12,few clouds
333,Sheboygan,43.7333,-87.9334,42.49,61,1,10.0,US,2021-12-13 03:30:12,clear sky
334,Otjimbingwe,-22.35,16.1333,70.66,23,3,0.96,NA,2021-12-13 03:30:12,clear sky
335,Labuhan,-6.8844,112.2051,87.69,62,23,6.2,ID,2021-12-13 03:30:13,few clouds
336,Krasnomayskiy,57.6194,34.4099,31.96,97,100,7.16,RU,2021-12-13 03:30:13,light snow
337,Yaan,7.3833,8.5667,72.7,25,23,4.83,NG,2021-12-13 03:30:13,few clouds
338,Sal Rei,16.1833,-22.9167,72.16,74,100,17.38,CV,2021-12-13 03:30:14,overcast clouds
339,Margate,51.3813,1.3862,53.31,79,100,1.99,GB,2021-12-13 03:30:14,overcast clouds
340,Haines Junction,60.7522,-137.5108,-7.65,59,100,9.22,CA,2021-12-13 03:30:14,overcast clouds
341,Newport,51.5877,-2.9984,54.63,92,100,16.13,GB,2021-12-13 03:25:56,overcast clouds
342,Key West,24.5557,-81.7826,80.6,79,75,8.05,US,2021-12-13 03:28:09,broken clouds
343,Ler,8.3018,30.1418,73.49,33,75,4.9,SS,2021-12-13 03:30:15,broken clouds
344,Ankazoabo,-22.2833,44.5167,78.8,51,29,7.45,MG,2021-12-13 03:30:16,scattered clouds
345,Matay,28.419,30.7792,61.27,64,100,7.87,EG,2021-12-13 03:30:16,overcast clouds
346,Isabela,6.7085,121.9711,86.05,67,99,5.66,PH,2021-12-13 03:30:16,moderate rain
347,Talcahuano,-36.7167,-73.1167,55.08,76,0,11.5,CL,2021-12-13 03:30:17,clear sky
348,Onega,63.9061,38.1404,16.9,96,96,5.19,RU,2021-12-13 03:30:17,overcast clouds
349,Tagab,34.855,69.6492,45.23,21,86,1.59,AF,2021-12-13 03:30:17,overcast clouds
350,Tombouctou,20.0,-3.0,64.29,11,37,10.89,ML,2021-12-13 03:30:18,scattered clouds
351,Sergeyevka,53.88,67.4158,4.86,91,11,6.73,KZ,2021-12-13 03:30:18,few clouds
352,Riva,38.9521,-76.578,43.11,54,1,1.01,US,2021-12-13 03:30:18,clear sky
353,Ailigandi,9.2333,-78.0167,79.14,83,100,7.14,PA,2021-12-13 03:30:19,overcast clouds
354,Quang Ngai,15.1167,108.8,75.34,80,60,13.24,VN,2021-12-13 03:30:19,broken clouds
355,Pochutla,15.7432,-96.4661,77.85,79,3,3.38,MX,2021-12-13 03:30:19,clear sky
356,Nguruka,-5.1092,31.0419,63.97,97,89,4.36,TZ,2021-12-13 03:30:20,light rain
357,Sao Joao Da Barra,-21.6403,-41.0511,75.2,93,100,14.67,BR,2021-12-13 03:30:20,overcast clouds
358,Clyde River,70.4692,-68.5914,-18.06,99,91,4.74,CA,2021-12-13 03:30:20,overcast clouds
359,Puqi,29.7167,113.8833,55.98,55,12,5.57,CN,2021-12-13 03:30:21,few clouds
360,Kemlya,54.6963,45.2424,17.87,76,50,7.9,RU,2021-12-13 03:30:21,scattered clouds
361,Conde,-7.2597,-34.9075,76.46,94,75,4.61,BR,2021-12-13 03:30:21,broken clouds
362,Jalu,29.0331,21.5482,51.6,83,0,6.53,LY,2021-12-13 03:30:22,clear sky
363,Ostrovnoy,68.0531,39.5131,28.49,92,100,13.38,RU,2021-12-13 03:30:22,overcast clouds
364,Codrington,-38.2667,141.9667,68.25,61,100,20.96,AU,2021-12-13 03:30:22,moderate rain
365,Saint-Pierre,-21.3393,55.4781,80.28,65,0,17.27,RE,2021-12-13 03:30:23,clear sky
366,Saskylakh,71.9167,114.0833,-44.57,100,75,3.33,RU,2021-12-13 03:30:23,broken clouds
367,Fuyu,45.1833,124.8167,19.44,72,5,17.22,CN,2021-12-13 03:30:24,clear sky
368,Humaita,-7.5061,-63.0208,74.35,99,100,2.77,BR,2021-12-13 03:30:24,moderate rain
369,Klaksvik,62.2266,-6.589,40.12,98,100,29.64,FO,2021-12-13 03:30:24,overcast clouds
370,Los Llanos De Aridane,28.6585,-17.9182,62.35,79,75,4.0,ES,2021-12-13 03:30:25,broken clouds
371,Jumla,29.2747,82.1838,50.86,21,72,1.68,NP,2021-12-13 03:31:25,broken clouds
372,Berlevag,70.8578,29.0864,28.35,95,95,15.37,NO,2021-12-13 03:31:26,light snow
373,Bujumbura,-3.3822,29.3644,70.99,78,100,2.73,BI,2021-12-13 03:31:26,light rain
374,Zhuhai,22.2769,113.5678,68.97,68,20,19.57,CN,2021-12-13 03:31:26,few clouds
375,San Patricio,28.017,-97.5169,64.26,78,3,4.92,US,2021-12-13 03:31:27,clear sky
376,Astoria,46.1879,-123.8313,41.86,93,90,1.99,US,2021-12-13 03:27:35,light rain
377,Cabo San Lucas,22.8909,-109.9124,73.15,77,40,3.44,MX,2021-12-13 03:29:17,scattered clouds
378,Kruisfontein,-34.0033,24.7314,66.88,98,100,5.06,ZA,2021-12-13 03:31:27,overcast clouds
379,Bethel,41.3712,-73.414,42.49,59,1,1.01,US,2021-12-13 03:31:28,clear sky
380,Scarborough,54.2797,-0.4044,53.08,88,95,8.01,GB,2021-12-13 03:31:28,overcast clouds
381,Terrace,54.5163,-128.6035,26.51,86,90,9.22,CA,2021-12-13 03:31:28,light snow
382,Gobabis,-22.45,18.9667,66.16,75,12,8.95,NA,2021-12-13 03:31:29,few clouds
383,Yeniseysk,58.4497,92.1703,-8.54,98,99,1.25,RU,2021-12-13 03:31:29,overcast clouds
384,Faya,18.3851,42.4509,42.91,39,0,3.44,SA,2021-12-13 03:30:49,clear sky
385,Ferme-Neuve,46.7001,-75.4493,34.84,77,54,11.74,CA,2021-12-13 03:31:29,broken clouds
386,Bambous Virieux,-20.3428,57.7575,80.22,78,75,6.91,MU,2021-12-13 03:31:30,broken clouds
387,Ginda,30.6945,78.4932,53.91,18,100,1.83,IN,2021-12-13 03:31:30,overcast clouds
388,Villa Sandino,12.0483,-84.9936,69.06,96,18,9.4,NI,2021-12-13 03:31:30,few clouds
389,Riyadh,24.6877,46.7219,46.54,31,58,5.14,SA,2021-12-13 03:30:17,broken clouds
390,Mulege,26.8833,-111.9833,62.31,72,81,2.89,MX,2021-12-13 03:31:31,broken clouds
391,Vaitape,-16.5167,-151.75,81.34,70,98,9.31,PF,2021-12-13 03:31:32,light rain
392,Kuala Terengganu,5.3302,103.1408,76.95,94,40,8.05,MY,2021-12-13 03:31:32,scattered clouds
393,Faanui,-16.4833,-151.75,81.34,70,100,8.99,PF,2021-12-13 03:31:32,overcast clouds
394,Nouadhibou,20.931,-17.0347,62.58,67,33,19.57,MR,2021-12-13 03:31:32,scattered clouds
395,Santa Pola,38.1917,-0.5658,54.5,88,20,4.61,ES,2021-12-13 03:31:33,few clouds
396,Luwuk,-0.9516,122.7875,87.4,68,70,3.18,ID,2021-12-13 03:29:08,broken clouds
397,San Cristobal,7.7669,-72.225,69.98,92,84,3.15,VE,2021-12-13 03:31:33,broken clouds
398,Gizo,-8.103,156.8419,85.68,72,24,10.63,SB,2021-12-13 03:31:34,light rain
399,Iskateley,67.6803,53.1512,15.53,95,100,10.85,RU,2021-12-13 03:31:34,overcast clouds
400,Deer Lake,49.1667,-57.4316,33.66,64,90,20.71,CA,2021-12-13 03:31:34,light shower snow
401,Vestmanna,62.1564,-7.1664,38.32,87,90,20.71,FO,2021-12-13 03:31:35,overcast clouds
402,Port Macquarie,-31.4333,152.9167,75.88,59,0,14.63,AU,2021-12-13 03:31:35,clear sky
403,Kinablangan,7.6947,126.5503,83.62,75,98,8.23,PH,2021-12-13 03:31:35,overcast clouds
404,Lompoc,34.6391,-120.4579,53.13,85,1,5.75,US,2021-12-13 03:27:05,clear sky
405,Padang,-0.9492,100.3543,84.25,86,100,4.12,ID,2021-12-13 03:31:36,light rain
406,Itacarambi,-15.1022,-44.0919,71.11,96,100,2.98,BR,2021-12-13 03:31:36,overcast clouds
407,Mehamn,71.0357,27.8492,31.91,95,100,7.09,NO,2021-12-13 03:31:36,light snow
408,Baker City,44.7749,-117.8344,37.92,95,90,4.61,US,2021-12-13 03:31:37,overcast clouds
409,Ierapetra,35.01,25.7353,55.44,72,3,3.0,GR,2021-12-13 03:31:37,clear sky
410,Kerema,-7.9631,145.7785,85.1,70,100,5.23,PG,2021-12-13 03:31:37,light rain
411,Miri,4.4148,114.0089,86.14,70,40,6.91,MY,2021-12-13 03:31:38,scattered clouds
412,Mitzic,0.7821,11.549,68.94,98,97,2.46,GA,2021-12-13 03:31:38,overcast clouds
413,Jinxiang,27.4327,120.6062,54.09,73,100,13.56,CN,2021-12-13 03:31:38,overcast clouds
414,Butembo,0.15,29.2833,58.51,79,100,2.53,CD,2021-12-13 03:32:39,overcast clouds
415,Akdepe,42.0551,59.3788,30.29,79,94,9.57,TM,2021-12-13 03:32:39,overcast clouds
416,Kargopol,61.5071,38.9456,22.57,96,100,5.68,RU,2021-12-13 03:32:39,overcast clouds
417,Khani,41.9563,42.9566,42.37,41,63,7.92,GE,2021-12-13 03:32:40,broken clouds
418,Maroantsetra,-15.4333,49.7333,74.39,86,92,2.91,MG,2021-12-13 03:32:40,overcast clouds
419,Griffith,41.5284,-87.4237,44.71,65,1,5.01,US,2021-12-13 03:32:40,clear sky
420,Lensk,60.7253,114.9278,-14.8,93,100,4.7,RU,2021-12-13 03:32:41,overcast clouds
421,Christchurch,-43.5333,172.6333,65.48,75,90,4.0,NZ,2021-12-13 03:32:41,light rain
422,Tambovka,50.0969,128.0489,5.11,88,100,9.78,RU,2021-12-13 03:32:41,overcast clouds
423,Orlik,52.5178,99.825,6.53,89,71,1.88,RU,2021-12-13 03:32:42,broken clouds
424,Grootfontein,-19.5667,18.1167,60.37,88,40,0.0,NA,2021-12-13 03:32:42,scattered clouds
425,Flagstaff,35.1981,-111.6513,40.66,65,1,1.01,US,2021-12-13 03:30:43,clear sky
426,Dongsheng,39.8161,109.9776,24.96,48,0,13.69,CN,2021-12-13 03:32:43,clear sky
427,Saint George,37.1041,-113.5841,42.8,60,1,3.0,US,2021-12-13 03:30:24,clear sky
428,Kirundo,-2.5833,30.1667,65.17,96,99,0.89,BI,2021-12-13 03:32:43,light rain
429,Haimen,23.1935,116.6142,67.89,64,90,13.04,CN,2021-12-13 03:32:43,overcast clouds
430,Bubaque,11.2833,-15.8333,80.83,70,33,9.89,GW,2021-12-13 03:32:44,scattered clouds
431,Puerto Ayacucho,5.6639,-67.6236,76.66,78,30,8.23,VE,2021-12-13 03:30:50,scattered clouds
432,Qandala,11.472,49.8728,76.39,67,15,7.76,SO,2021-12-13 03:32:44,few clouds
433,Damietta,31.4165,31.8133,64.29,72,100,7.96,EG,2021-12-13 03:32:45,overcast clouds
434,Vallenar,-28.5708,-70.7581,61.66,59,0,2.01,CL,2021-12-13 03:32:45,clear sky
435,Cumbal,0.9088,-77.7915,47.79,98,100,2.86,CO,2021-12-13 03:32:45,light rain
436,Jaicos,-7.3592,-41.1378,80.78,49,100,3.91,BR,2021-12-13 03:32:46,overcast clouds
437,Yakymivka,46.6897,35.1536,40.21,82,100,14.9,UA,2021-12-13 03:32:46,overcast clouds
438,Ambilobe,-13.2,49.05,79.63,61,1,3.71,MG,2021-12-13 03:32:46,clear sky
439,Santarem,-2.4431,-54.7083,77.13,100,40,2.3,BR,2021-12-13 03:32:47,scattered clouds
440,Tulum,20.2167,-87.4667,78.85,89,2,5.1,MX,2021-12-13 03:32:47,clear sky
441,Ust-Nera,64.5667,143.2,-36.09,100,99,1.48,RU,2021-12-13 03:32:47,overcast clouds
442,Atar,20.5169,-13.0499,68.36,17,79,8.41,MR,2021-12-13 03:32:48,broken clouds
443,Okha,53.5739,142.9478,25.18,90,100,22.82,RU,2021-12-13 03:32:48,light snow
444,Xinyang,32.1228,114.0656,50.27,50,0,3.13,CN,2021-12-13 03:32:48,clear sky
445,Agirish,61.9247,63.0231,3.9,97,86,2.1,RU,2021-12-13 03:32:49,overcast clouds
446,Huangchuan,32.1272,115.0394,51.39,49,0,4.74,CN,2021-12-13 03:32:49,clear sky
447,Caldwell,43.6629,-116.6874,46.27,73,90,4.61,US,2021-12-13 03:32:49,overcast clouds
448,Alghero,40.5589,8.3181,32.09,100,0,2.3,IT,2021-12-13 03:32:50,clear sky
449,Emmett,43.8735,-116.4993,46.29,78,100,4.0,US,2021-12-13 03:32:50,overcast clouds
450,Beloha,-25.1667,45.05,81.7,40,9,10.65,MG,2021-12-13 03:32:50,clear sky
451,Platteville,42.7342,-90.4785,42.24,75,1,9.22,US,2021-12-13 03:32:51,clear sky
452,Fitii,-16.7333,-151.0333,80.29,74,54,11.25,PF,2021-12-13 03:32:51,light rain
453,Kentau,43.5206,68.5094,36.9,97,100,3.6,KZ,2021-12-13 03:32:52,light rain
454,Calabozo,8.9242,-67.4293,77.31,68,43,8.39,VE,2021-12-13 03:32:52,scattered clouds
455,Whitehorse,60.7161,-135.0538,-4.7,76,90,5.99,CA,2021-12-13 03:32:52,light snow
456,Wasilla,61.5814,-149.4394,6.22,76,1,5.75,US,2021-12-13 03:32:53,clear sky
457,Belaya Gora,68.5333,146.4167,-47.54,100,99,1.23,RU,2021-12-13 03:32:53,overcast clouds
458,Rabaul,-4.1967,152.1721,84.54,72,97,10.67,PG,2021-12-13 03:32:53,light rain
459,Marawi,7.9986,124.2928,75.65,65,100,4.41,PH,2021-12-13 03:33:54,overcast clouds
460,Menongue,-14.6585,17.691,62.38,98,95,1.92,AO,2021-12-13 03:33:54,moderate rain
461,Turka,49.1541,23.0297,28.26,97,100,3.6,UA,2021-12-13 03:33:54,light snow
462,Natal,-5.795,-35.2094,81.25,83,20,13.8,BR,2021-12-13 03:29:04,few clouds
463,Susehri,40.1644,38.0867,38.82,45,73,3.78,TR,2021-12-13 03:33:55,broken clouds
464,Kikwit,-5.041,18.8162,69.26,96,100,1.32,CD,2021-12-13 03:33:55,overcast clouds
465,Necochea,-38.5473,-58.7368,58.19,62,43,7.0,AR,2021-12-13 03:33:56,scattered clouds
466,Tocopilla,-22.092,-70.1979,66.42,69,2,2.53,CL,2021-12-13 03:33:56,clear sky
467,Raudeberg,61.9875,5.1352,45.27,79,100,1.01,NO,2021-12-13 03:33:56,overcast clouds
468,Cabedelo,-6.9811,-34.8339,77.67,79,68,10.78,BR,2021-12-13 03:32:52,broken clouds
469,Saint-Leu,-21.15,55.2833,79.68,70,6,6.91,RE,2021-12-13 03:33:57,clear sky
470,Teguldet,57.3064,88.1667,-0.94,93,100,4.97,RU,2021-12-13 03:33:57,overcast clouds
471,Rawson,-43.3002,-65.1023,57.18,68,98,4.23,AR,2021-12-13 03:30:50,overcast clouds
472,Salair,54.2312,85.7972,1.49,93,100,8.28,RU,2021-12-13 03:33:58,light snow
473,Concordia,-31.393,-58.0209,73.78,80,81,3.0,AR,2021-12-13 03:30:04,broken clouds
474,Dehloran,32.6941,47.2679,58.96,22,93,0.87,IR,2021-12-13 03:33:58,overcast clouds
475,Thinadhoo,0.5333,72.9333,81.37,75,87,10.49,MV,2021-12-13 03:33:58,overcast clouds
476,Namatanai,-3.6667,152.4333,86.25,67,96,6.6,PG,2021-12-13 03:33:59,light rain
477,Khorixas,-20.3667,14.9667,74.75,27,66,1.68,NA,2021-12-13 03:33:59,broken clouds
478,Sterling,39.0062,-77.4286,42.1,58,1,0.0,US,2021-12-13 03:33:53,clear sky
479,Houma,29.5958,-90.7195,55.98,84,2,5.75,US,2021-12-13 03:30:53,clear sky
480,San Francisco Del Mar,16.2333,-94.65,75.49,77,0,27.87,MX,2021-12-13 03:34:00,clear sky
481,Quatre Cocos,-20.2078,57.7625,80.1,69,13,11.7,MU,2021-12-13 03:34:00,few clouds
482,Juchipila,21.4167,-103.1167,66.74,38,10,1.54,MX,2021-12-13 03:34:00,clear sky
483,Marystown,47.1666,-55.1483,38.86,100,100,14.0,CA,2021-12-13 03:34:01,overcast clouds
484,Robertsport,6.7533,-11.3686,79.9,81,11,6.4,LR,2021-12-13 03:34:01,light rain
485,Batemans Bay,-35.7167,150.1833,86.2,60,1,8.01,AU,2021-12-13 03:30:07,clear sky
486,Caravelas,-17.7125,-39.2481,75.13,88,88,7.05,BR,2021-12-13 03:34:02,overcast clouds
487,Tucuma,-0.1833,-50.05,77.74,88,73,6.02,BR,2021-12-13 03:34:02,broken clouds
488,Narsaq,60.9167,-46.05,16.02,75,96,2.51,GL,2021-12-13 03:34:03,overcast clouds
489,Neiafu,-18.65,-173.9833,81.28,78,75,4.61,TO,2021-12-13 03:34:03,broken clouds
490,Esperanza,19.5847,-70.9849,73.0,87,1,3.0,DO,2021-12-13 03:34:03,clear sky
491,Saint Anthony,45.0205,-93.218,34.0,74,1,1.99,US,2021-12-13 03:30:23,clear sky
492,Togitsu,32.8333,129.85,53.56,46,20,10.36,JP,2021-12-13 03:34:04,few clouds
493,Novyy Urengoy,66.0833,76.6333,-26.82,93,13,7.09,RU,2021-12-13 03:34:04,few clouds
494,Zastron,-30.3023,27.084,59.9,81,100,7.94,ZA,2021-12-13 03:34:05,overcast clouds
495,Forecariah,9.4306,-13.0881,76.53,87,79,2.62,GN,2021-12-13 03:34:05,light rain
496,Mitchell,43.7094,-98.0298,30.18,69,1,9.22,US,2021-12-13 03:34:05,clear sky
497,Frederico Westphalen,-27.3592,-53.3944,66.96,74,77,1.79,BR,2021-12-13 03:34:06,light rain
498,Sydney Mines,46.2367,-60.2177,37.99,60,75,13.0,CA,2021-12-13 03:34:06,broken clouds
499,Songjianghe,42.1859,127.479,17.58,48,0,8.7,CN,2021-12-13 03:34:06,clear sky
500,Ikirun,7.9167,4.6667,69.87,39,15,2.33,NG,2021-12-13 03:34:07,few clouds
501,Provideniya,64.3833,-173.3,-9.29,70,59,15.66,RU,2021-12-13 03:34:07,broken clouds
502,Fort Frances,48.5999,-93.4003,37.62,66,90,5.01,CA,2021-12-13 03:29:21,overcast clouds
503,Adria,45.0564,12.0578,37.06,76,80,4.27,IT,2021-12-13 03:34:08,broken clouds
504,Rajmahal,25.05,87.8333,69.94,30,0,5.26,IN,2021-12-13 03:35:08,clear sky
505,Tukrah,32.5341,20.5791,58.3,67,9,9.19,LY,2021-12-13 03:35:09,clear sky
506,Makakilo City,21.3469,-158.0858,77.32,68,90,10.36,US,2021-12-13 03:35:09,overcast clouds
507,Vilhena,-12.7406,-60.1458,69.58,99,100,1.83,BR,2021-12-13 03:35:10,overcast clouds
508,Akureyri,65.6835,-18.0878,37.33,70,0,5.75,IS,2021-12-13 03:34:54,clear sky
509,Sorong,-0.8833,131.25,84.22,74,100,4.9,ID,2021-12-13 03:31:31,overcast clouds
510,Mackay,-21.15,149.2,90.68,51,48,19.57,AU,2021-12-13 03:30:24,scattered clouds
511,Krasnoselkup,65.7,82.4667,-28.62,92,74,6.33,RU,2021-12-13 03:35:10,broken clouds
512,Sorrento,40.626,14.3744,46.8,100,1,7.14,IT,2021-12-13 03:35:11,clear sky
513,Dakoro,14.5106,6.765,64.35,12,79,10.27,NE,2021-12-13 03:35:11,broken clouds
514,Qui Nhon,13.7667,109.2333,75.02,87,98,21.94,VN,2021-12-13 03:35:12,overcast clouds
515,Tomatlan,19.9333,-105.25,71.58,93,17,3.6,MX,2021-12-13 03:35:12,few clouds
516,Harkany,45.85,18.2367,36.14,80,0,6.91,HU,2021-12-13 03:35:13,clear sky
517,Constantine,36.365,6.6147,40.41,87,75,2.3,DZ,2021-12-13 03:35:13,broken clouds
518,Concepcion,-36.827,-73.0498,55.2,76,0,11.5,CL,2021-12-13 03:31:11,clear sky
519,Golden,39.7555,-105.2211,48.49,36,4,3.0,US,2021-12-13 03:33:59,clear sky
520,Coquimbo,-29.9533,-71.3436,58.73,88,0,3.44,CL,2021-12-13 03:31:24,clear sky
521,Horta,38.5333,-28.6333,57.47,56,100,12.17,PT,2021-12-13 03:35:14,overcast clouds
522,Buncrana,55.1333,-7.45,44.55,75,100,11.97,IE,2021-12-13 03:35:14,overcast clouds
523,Ashland,40.8167,-82.2665,38.82,70,37,12.26,US,2021-12-13 03:35:14,scattered clouds
524,Seoul,37.5683,126.9778,34.21,29,0,5.75,KR,2021-12-13 03:33:25,clear sky
525,Kajaani,64.2273,27.7285,26.65,93,90,4.61,FI,2021-12-13 03:35:15,overcast clouds
526,Beyneu,45.3167,55.2,20.26,61,5,9.6,KZ,2021-12-13 03:35:15,clear sky
527,Alyangula,-13.8483,136.4192,94.87,36,15,5.75,AU,2021-12-13 03:35:16,few clouds
528,Sutton,51.35,-0.2,51.6,90,89,4.0,GB,2021-12-13 03:32:03,overcast clouds
529,Vardo,70.3705,31.1107,32.27,79,79,19.95,NO,2021-12-13 03:30:48,broken clouds
530,Isangel,-19.55,169.2667,86.11,79,75,5.75,VU,2021-12-13 03:34:09,broken clouds
531,Calbuco,-41.768,-73.1273,51.01,79,72,5.86,CL,2021-12-13 03:35:16,broken clouds
532,Bani Walid,31.7566,13.9942,50.11,71,78,11.52,LY,2021-12-13 03:35:17,broken clouds
533,Jangaon,17.7167,79.1833,73.96,45,96,5.14,IN,2021-12-13 03:35:17,overcast clouds
534,Oranjestad,12.524,-70.027,80.55,84,20,1.99,AW,2021-12-13 03:34:37,few clouds
535,Launceston,-41.45,147.1667,72.61,47,3,5.99,AU,2021-12-13 03:35:17,clear sky
536,Kesinga,20.2,83.2333,71.87,62,44,3.33,IN,2021-12-13 03:35:18,scattered clouds
537,Pangody,65.85,74.4859,-30.68,98,18,3.98,RU,2021-12-13 03:35:18,few clouds
538,Peniche,39.3558,-9.3811,57.76,78,7,9.06,PT,2021-12-13 03:35:19,clear sky
539,Knysna,-34.0363,23.0471,62.98,94,100,1.21,ZA,2021-12-13 03:35:19,light rain
540,Deputatskiy,69.3,139.9,-38.16,100,37,2.04,RU,2021-12-13 03:35:20,scattered clouds
541,Puyang,29.4603,119.8861,50.97,63,47,5.03,CN,2021-12-13 03:35:20,scattered clouds
542,Palmer,42.1584,-72.3287,38.86,52,0,1.01,US,2021-12-13 03:32:27,clear sky
543,Kloulklubed,7.0419,134.2556,82.9,80,97,14.7,PW,2021-12-13 03:35:20,overcast clouds
544,Grojec,51.8625,20.8676,30.16,97,20,1.88,PL,2021-12-13 03:35:21,few clouds
545,Kaeo,-35.1,173.7833,72.32,95,100,6.87,NZ,2021-12-13 03:34:03,light rain
546,Mtwango,-9.0167,34.8,58.66,92,100,7.05,TZ,2021-12-13 03:36:21,overcast clouds
547,Marti,22.9475,-80.9203,75.85,83,9,10.76,CU,2021-12-13 03:36:21,light rain
548,Umba,66.6871,34.3429,23.43,97,100,4.79,RU,2021-12-13 03:36:22,overcast clouds
549,Pringsewu,-5.3582,104.9744,88.83,58,62,2.35,ID,2021-12-13 03:36:22,broken clouds
550,Bulgan,48.8125,103.5347,20.25,26,7,4.12,MN,2021-12-13 03:36:23,clear sky
551,Mweka,-4.85,21.5667,68.76,98,100,1.72,CD,2021-12-13 03:36:23,overcast clouds
552,Liuzhou,24.3126,109.3892,62.15,47,35,9.04,CN,2021-12-13 03:36:23,scattered clouds
553,Esperance,-33.8667,121.9,69.64,44,84,9.44,AU,2021-12-13 03:31:52,broken clouds
554,Ust-Kuyga,70.0167,135.6,-33.0,100,100,2.59,RU,2021-12-13 03:36:24,overcast clouds
555,Nan,18.8333,100.6667,69.82,73,0,3.44,TH,2021-12-13 03:36:24,clear sky
556,Saint-Joseph,-21.3667,55.6167,79.21,72,17,11.1,RE,2021-12-13 03:36:24,few clouds
557,Yazd,31.8972,54.3675,37.51,56,0,4.61,IR,2021-12-13 03:36:25,clear sky
558,Sinnamary,5.3833,-52.95,77.27,89,100,8.1,GF,2021-12-13 03:36:25,light rain
559,Puerto Colombia,10.9878,-74.9547,78.89,81,71,21.83,CO,2021-12-13 03:36:25,broken clouds
560,Malaryta,51.7905,24.074,28.04,93,100,5.64,BY,2021-12-13 03:36:26,overcast clouds
561,Kamaishi,39.2667,141.8833,29.35,64,47,27.34,JP,2021-12-13 03:36:26,scattered clouds
562,Bac Lieu,9.285,105.7244,82.09,71,85,8.57,VN,2021-12-13 03:36:26,overcast clouds
563,Leczyca,52.0596,19.1997,26.15,89,68,4.76,PL,2021-12-13 03:36:27,broken clouds
564,Pangoa,-12.1167,-73.0,69.46,99,100,2.08,PE,2021-12-13 03:36:27,overcast clouds
565,Hamilton,39.1834,-84.5333,39.56,69,20,5.75,US,2021-12-13 03:36:28,few clouds
566,Touros,-5.1989,-35.4608,81.5,76,48,13.56,BR,2021-12-13 03:36:28,scattered clouds
567,Prado,-17.3411,-39.2208,74.79,91,99,7.63,BR,2021-12-13 03:36:28,overcast clouds
568,Litovko,49.2361,135.1742,14.34,81,15,4.36,RU,2021-12-13 03:36:29,few clouds
569,Barra Do Garcas,-15.89,-52.2567,73.83,97,100,3.27,BR,2021-12-13 03:36:29,overcast clouds
570,Calvinia,-31.4707,19.776,59.22,67,74,6.53,ZA,2021-12-13 03:36:29,broken clouds
571,Emerald,-23.5333,148.1667,91.35,45,75,5.75,AU,2021-12-13 03:33:24,broken clouds
572,Yumbe,3.4651,31.2469,66.47,44,74,3.42,UG,2021-12-13 03:36:30,broken clouds
573,Quelimane,-17.8786,36.8883,78.75,73,0,5.75,MZ,2021-12-13 03:36:30,clear sky
574,Fare,-16.7,-151.0167,80.74,74,55,11.25,PF,2021-12-13 03:36:30,light rain
575,Seminole,28.7086,-81.2081,70.63,89,90,1.01,US,2021-12-13 03:36:31,overcast clouds
576,Sao Pedro Do Sul,-29.6206,-54.1789,70.45,72,71,4.38,BR,2021-12-13 03:36:31,broken clouds
577,Butajira,8.1167,38.3667,52.92,72,100,4.85,ET,2021-12-13 03:36:31,overcast clouds
578,Cleveland,41.4995,-81.6954,42.03,61,20,1.99,US,2021-12-13 03:36:32,few clouds
579,Santa Helena,-2.2311,-45.3,74.59,97,39,2.1,BR,2021-12-13 03:36:32,scattered clouds
580,Ossora,59.2353,163.0719,9.07,91,100,29.44,RU,2021-12-13 03:36:33,snow
581,Kasongo-Lunda,-6.4667,16.8167,69.85,99,100,1.72,CD,2021-12-13 03:36:33,light rain
582,Abu Samrah,35.3029,37.1841,54.39,49,100,7.65,SY,2021-12-13 03:36:33,overcast clouds
583,Otukpo,7.1913,8.1329,70.34,33,27,2.28,NG,2021-12-13 03:36:34,scattered clouds
584,Nisia Floresta,-6.0911,-35.2086,81.41,85,77,6.24,BR,2021-12-13 03:36:34,broken clouds
585,Bhinmal,25.0,72.25,69.73,30,2,1.74,IN,2021-12-13 03:36:34,clear sky
586,Flin Flon,54.7682,-101.865,8.51,96,100,3.04,CA,2021-12-13 03:36:35,overcast clouds
587,Mwingi,-0.9344,38.0601,64.44,93,51,2.59,KE,2021-12-13 03:36:35,broken clouds
588,Ambanja,-13.6833,48.45,73.33,79,8,3.02,MG,2021-12-13 03:36:35,clear sky
589,Great Falls,47.5002,-111.3008,36.93,84,75,6.91,US,2021-12-13 03:35:12,broken clouds
590,Nome,64.5011,-165.4064,-14.73,64,1,0.0,US,2021-12-13 03:36:29,clear sky
591,Cervo,43.6702,-7.4101,48.52,78,22,6.85,ES,2021-12-13 03:37:36,few clouds
592,Sampit,-2.5333,112.95,84.36,81,95,4.21,ID,2021-12-13 03:37:36,overcast clouds
593,Rosario,-32.9468,-60.6393,71.94,79,0,3.0,AR,2021-12-13 03:37:37,clear sky
594,Tual,-5.6667,132.75,83.1,76,98,11.21,ID,2021-12-13 03:37:37,overcast clouds
595,Sakaiminato,35.55,133.2333,49.98,62,40,13.8,JP,2021-12-13 03:37:37,scattered clouds
596,Coffs Harbour,-30.3,153.1333,80.87,60,26,16.11,AU,2021-12-13 03:37:38,scattered clouds
597,Acapulco,16.8634,-99.8901,80.42,78,1,4.61,MX,2021-12-13 03:34:48,clear sky
598,Barra Do Corda,-5.5,-45.25,74.98,89,100,2.84,BR,2021-12-13 03:37:38,overcast clouds
599,Zhangye,38.9342,100.4517,25.23,32,0,2.01,CN,2021-12-13 03:37:39,clear sky
600,Lake Havasu City,34.4839,-114.3224,54.07,28,1,3.44,US,2021-12-13 03:37:39,clear sky
601,Lavrentiya,65.5833,-171.0,-15.3,91,66,4.36,RU,2021-12-13 03:34:18,broken clouds
602,Vostok,46.4856,135.8833,4.41,86,100,8.46,RU,2021-12-13 03:37:39,overcast clouds
603,Siguiri,11.6667,-9.5,71.02,17,22,1.97,GN,2021-12-13 03:37:40,few clouds
604,Netrakona,24.8833,90.7167,70.54,45,0,1.16,BD,2021-12-13 03:37:40,clear sky
605,South Yuba City,39.1166,-121.6391,50.58,91,90,19.57,US,2021-12-13 03:37:40,overcast clouds
606,Lundazi,-12.2929,33.1782,70.23,70,8,8.84,ZM,2021-12-13 03:37:41,clear sky
607,Vanavara,60.34,102.2797,-33.56,95,46,2.06,RU,2021-12-13 03:37:41,scattered clouds
608,Garden City,42.3256,-83.331,42.75,62,75,3.0,US,2021-12-13 03:37:41,broken clouds
609,Ryotsu,38.0833,138.4333,40.96,74,95,27.94,JP,2021-12-13 03:37:42,overcast clouds
610,Aswan,24.0934,32.907,67.3,72,0,9.22,EG,2021-12-13 03:37:42,clear sky
611,Dingle,10.9995,122.6711,82.15,82,89,12.73,PH,2021-12-13 03:37:42,overcast clouds
612,Dingzhou,38.5131,114.9956,33.91,31,0,5.21,CN,2021-12-13 03:37:43,clear sky
613,Wadi Maliz,36.4681,8.5495,46.85,77,85,6.69,TN,2021-12-13 03:37:43,overcast clouds
614,Zomba,-15.386,35.3188,72.32,55,1,6.78,MW,2021-12-13 03:36:50,clear sky
615,Astana,51.1801,71.446,-11.25,77,40,4.47,KZ,2021-12-13 03:37:44,mist
616,Singapore,1.2897,103.8501,84.34,76,75,10.36,SG,2021-12-13 03:35:02,broken clouds
617,Belmonte,-15.8631,-38.8828,77.5,88,86,6.58,BR,2021-12-13 03:37:44,overcast clouds
618,Korla,41.7597,86.1469,23.43,56,12,2.42,CN,2021-12-13 03:37:43,few clouds
619,Qasigiannguit,68.8193,-51.1922,17.85,84,56,4.81,GL,2021-12-13 03:37:44,broken clouds
620,Balkhash,46.844,74.9804,23.61,86,40,13.42,KZ,2021-12-13 03:37:45,light snow
621,Bambanglipuro,-7.95,110.2833,76.6,63,53,8.01,ID,2021-12-13 03:37:45,broken clouds
622,Lucapa,-8.4192,20.7447,66.85,97,100,3.4,AO,2021-12-13 03:37:46,overcast clouds
623,Petauke,-14.2426,31.3253,69.89,53,5,4.88,ZM,2021-12-13 03:37:46,clear sky
624,Petropavlovsk-Kamchatskiy,53.0452,158.6483,32.59,55,0,8.95,RU,2021-12-13 03:37:46,clear sky
625,Espanola,35.9911,-106.0806,42.78,32,0,2.24,US,2021-12-13 03:37:47,clear sky
626,Kintampo,8.0563,-1.7306,76.17,39,93,3.31,GH,2021-12-13 03:37:47,overcast clouds
627,Hobyo,5.3505,48.5268,79.16,75,19,20.8,SO,2021-12-13 03:37:47,few clouds
628,Tadine,-21.55,167.8833,77.88,87,100,7.29,NC,2021-12-13 03:37:48,moderate rain
629,Iguape,-24.7081,-47.5553,72.09,97,95,4.25,BR,2021-12-13 03:37:16,overcast clouds
630,Palma,39.5694,2.6502,52.56,92,90,1.01,ES,2021-12-13 03:37:48,fog
631,Farafangana,-22.8167,47.8333,76.98,73,66,1.95,MG,2021-12-13 03:37:48,broken clouds
632,Innisfail,-17.5333,146.0333,92.88,67,22,8.28,AU,2021-12-13 03:35:43,few clouds
633,Cariati,39.4922,16.9594,40.71,62,7,19.35,IT,2021-12-13 03:38:49,clear sky
634,Nabire,-3.3667,135.4833,88.99,59,100,5.55,ID,2021-12-13 03:38:49,light rain
635,Ornskoldsvik,63.2909,18.7153,29.35,100,90,3.44,SE,2021-12-13 03:38:50,light snow
636,Port Moresby,-9.4431,147.1797,90.82,55,90,11.5,PG,2021-12-13 03:36:19,haze
637,Bonthe,7.5264,-12.505,77.77,85,3,2.93,SL,2021-12-13 03:38:50,light rain
638,Maxixe,-23.8597,35.3472,80.42,94,75,5.75,MZ,2021-12-13 03:38:50,broken clouds
639,Asnaes,55.8123,11.5013,41.34,95,65,5.35,DK,2021-12-13 03:38:51,broken clouds
640,Coihaique,-45.5752,-72.0662,49.95,76,75,5.75,CL,2021-12-13 03:38:51,broken clouds
641,Lekoni,-1.5843,14.2591,71.96,91,100,2.73,GA,2021-12-13 03:38:51,overcast clouds
642,Fairbanks,64.8378,-147.7164,-11.78,69,40,0.0,US,2021-12-13 03:38:01,light snow
643,Bathsheba,13.2167,-59.5167,79.41,89,40,18.41,BB,2021-12-13 03:38:52,scattered clouds
644,Luanda,-8.8368,13.2343,78.8,89,75,8.05,AO,2021-12-13 03:38:52,moderate rain
645,Esna,25.2934,32.554,60.82,62,35,2.21,EG,2021-12-13 03:38:52,scattered clouds
646,Sibu,2.3,111.8167,84.51,79,40,5.01,MY,2021-12-13 03:38:53,scattered clouds
647,Zhicheng,30.2956,111.5047,54.18,53,3,5.97,CN,2021-12-13 03:38:53,clear sky
648,San Quintin,30.4833,-115.95,50.43,79,1,2.13,MX,2021-12-13 03:38:53,clear sky
649,Rosarito,32.3333,-117.0333,56.35,69,3,1.83,MX,2021-12-13 03:38:54,clear sky
650,Emba,48.8264,58.1442,12.9,80,3,11.05,KZ,2021-12-13 03:38:54,clear sky
651,Gotsu,35.0,132.2167,46.54,50,99,10.38,JP,2021-12-13 03:38:54,overcast clouds
652,Soe,-9.8607,124.284,84.92,50,80,3.89,ID,2021-12-13 03:38:55,broken clouds
653,Salym,60.0625,71.4789,-1.97,100,91,3.65,RU,2021-12-13 03:38:55,overcast clouds
654,Mandalgovi,45.7625,106.2708,16.95,35,0,18.1,MN,2021-12-13 03:38:55,clear sky
655,Benjamin Constant,-4.3831,-70.0311,77.13,98,82,1.9,BR,2021-12-13 03:38:56,broken clouds
656,Sumeg,46.977,17.2821,38.05,95,90,10.13,HU,2021-12-13 03:38:56,overcast clouds
657,Olean,42.0776,-78.4297,38.08,59,1,9.22,US,2021-12-13 03:38:56,clear sky
658,Sayville,40.7359,-73.0821,45.18,56,0,1.01,US,2021-12-13 03:38:57,clear sky
659,Maymyo,22.0333,96.4667,69.01,64,0,1.63,MM,2021-12-13 03:38:57,clear sky
660,Bytkiv,48.6297,24.474,30.09,97,100,6.64,UA,2021-12-13 03:38:57,light snow
661,Marsa Matruh,31.3525,27.2453,52.0,62,0,4.61,EG,2021-12-13 03:38:58,clear sky
662,Akita,39.7167,140.1167,31.14,86,75,28.77,JP,2021-12-13 03:38:58,light shower snow
663,Taltal,-25.4,-70.4833,61.47,85,13,2.59,CL,2021-12-13 03:38:58,few clouds
664,Tyazhinskiy,56.116,88.524,0.36,96,100,7.38,RU,2021-12-13 03:38:59,overcast clouds
665,Damghan,36.1683,54.348,38.07,66,0,3.94,IR,2021-12-13 03:38:59,clear sky
666,Korsakovo,53.2677,37.3569,27.99,80,100,10.22,RU,2021-12-13 03:38:59,overcast clouds
667,Koslan,63.4564,48.8989,11.3,96,97,5.75,RU,2021-12-13 03:39:00,overcast clouds
668,Isiro,2.7739,27.616,61.57,66,95,1.81,CD,2021-12-13 03:39:00,overcast clouds
669,Qeshm,26.9581,56.2719,60.69,38,0,18.1,IR,2021-12-13 03:39:00,clear sky
670,Kabo,7.6994,18.629,73.04,34,86,3.96,CF,2021-12-13 03:39:01,overcast clouds
671,Bronnoysund,65.4625,12.1997,41.0,93,90,13.8,NO,2021-12-13 03:39:01,overcast clouds
672,Impfondo,1.6381,18.0667,71.47,91,98,3.27,CG,2021-12-13 03:39:01,overcast clouds
673,Maceio,-9.6658,-35.7353,76.44,88,40,4.61,BR,2021-12-13 03:39:02,scattered clouds
674,Puri,19.8,85.85,73.38,63,80,9.73,IN,2021-12-13 03:39:02,broken clouds
675,Ohara,35.25,140.3833,58.95,40,33,13.69,JP,2021-12-13 03:39:02,scattered clouds
676,Hervey Bay,-25.2986,152.8535,84.31,65,34,16.84,AU,2021-12-13 03:39:03,scattered clouds
677,Juneau,58.3019,-134.4197,24.85,86,90,6.91,US,2021-12-13 03:35:29,light snow
678,Port Hedland,-20.3167,118.5667,91.45,58,1,10.36,AU,2021-12-13 03:40:03,clear sky
679,Sinjar,36.3209,41.8754,48.96,33,84,2.48,IQ,2021-12-13 03:40:04,broken clouds
680,West Wendover,40.7391,-114.0733,31.21,69,90,0.0,US,2021-12-13 03:35:33,overcast clouds
681,Naustdal,61.509,5.7168,46.26,96,100,6.69,NO,2021-12-13 03:40:04,overcast clouds
682,Basoko,1.2391,23.616,72.1,91,95,2.3,CD,2021-12-13 03:40:04,overcast clouds
683,Gao,16.6362,1.637,70.66,10,100,10.87,ML,2021-12-13 03:40:05,overcast clouds
684,Zwedru,6.0667,-8.1281,73.02,96,9,1.7,LR,2021-12-13 03:40:05,clear sky
685,Gambela,8.25,34.5833,74.48,40,100,4.5,ET,2021-12-13 03:40:05,overcast clouds
686,Garhi Khairo,28.0606,67.9803,64.29,21,0,3.33,PK,2021-12-13 03:40:06,clear sky
687,Tessaoua,13.7574,7.9874,64.51,13,91,10.47,NE,2021-12-13 03:40:06,overcast clouds
